{
    "Slytherin": [
        -0.028700141845029156,
        0.020958151198912218,
        -0.025952489753826836,
        -0.8996521974896144,
        -0.9304371850443511,
        0.8726257464774047,
        -1.4247418948958175,
        -0.41789049222592917,
        -0.6811406073010396,
        0.27745187360677404,
        0.333246969285125,
        0.6184322572258094,
        -0.025946303627489384,
        -0.6352027948478691,
        -0.6691996868143681
    ],
    "Gryffindor": [
        -0.03079812415119816,
        -0.04109424729840162,
        -0.04169137009183855,
        0.6078844885080755,
        -0.8896166228345653,
        -0.6371242366261173,
        0.2939571002644285,
        -0.31427090477509984,
        0.7768867899109723,
        -1.1888252454750996,
        -1.3068927124327505,
        -0.5044148479919377,
        -0.05233407122262042,
        -0.7778812745498713,
        1.1532126577563473
    ],
    "Ravenclaw": [
        -0.9302707211286655,
        -0.30821789117669124,
        -0.5253262561835744,
        -1.5685366406256698,
        0.43391462838648986,
        0.6466199175050994,
        0.048047234465921955,
        1.196789901742764,
        0.7331343460029499,
        -0.15361845481271016,
        -0.17488015854407982,
        -0.350166992951981,
        -0.40432591449875743,
        1.2487788086943092,
        -0.5696744364154582
    ],
    "Hufflepuff": [
        -0.31438314400204453,
        -0.14321512946618678,
        -0.1344682101040934,
        1.0975466759527817,
        0.9838118287108275,
        -1.4184578415291496,
        0.4158442497035944,
        -0.7704697032498707,
        -1.341354977183996,
        0.5054845988360904,
        0.5221998181369403,
        -0.45354160652308073,
        -0.12272750543171634,
        -0.1608979216135182,
        -0.6116283568806246
    ]
}