{
    "Hufflepuff": [
        -0.6760868798219913,
        -0.1908947077446258,
        -0.21425506916001713,
        2.342046840442163,
        2.395143387853379,
        -3.032350245464894,
        0.9738667442992972,
        -1.6345806700947951,
        -2.9575614202444966,
        1.2740464082646175,
        1.3393144358679872,
        -0.9363357012254506,
        -0.23431967807648243,
        -0.16105907401731073,
        -1.4722984053569794
    ],
    "Ravenclaw": [
        -1.9348650319217078,
        -0.47713147272361356,
        -1.0290988194850184,
        -3.0221136450496595,
        1.0808302079747716,
        1.1208713609151872,
        0.44000344973506916,
        2.6005750078200673,
        1.7771101619788219,
        -0.4195528072099826,
        -0.480350497437224,
        -0.8430193355999244,
        -0.7480141301668397,
        2.731217414649347,
        -0.9962278184402028
    ],
    "Gryffindor": [
        0.1460332713928566,
        0.014721334875790852,
        -0.010165783450259173,
        1.114507187861131,
        -1.7649111734239875,
        -0.965431245832086,
        0.7008600256341031,
        -0.41159387082112997,
        1.7488882276607156,
        -2.1999727855965805,
        -2.424001705731908,
        -0.7868686460427288,
        0.0021127640290121855,
        -1.3419120483835496,
        2.3374351549831305
    ],
    "Slytherin": [
        0.35746567106827143,
        0.1807777962867092,
        0.176122338585565,
        -1.6510615066540544,
        -1.943497290271062,
        2.0084341049193672,
        -2.9392723322328664,
        -0.9113280831025068,
        -1.348868959808427,
        0.6954300467649259,
        0.8552146134198535,
        1.5225053466984395,
        0.1321355827465975,
        -1.4083560936492872,
        -1.1553389663376288
    ]
}