{
    "thetas": {
        "Slytherin": [
            -0.028700141845029118,
            0.020958151198912228,
            -0.025952489753826836,
            -0.8996521974896144,
            -0.9304371850443511,
            0.8726257464774045,
            -1.4247418948958175,
            -0.41789049222592906,
            -0.6811406073010394,
            0.2774518736067741,
            0.3332469692851249,
            0.6184322572258094,
            -0.025946303627489377,
            -0.6352027948478691,
            -0.6691996868143683
        ],
        "Hufflepuff": [
            -0.3143831440020445,
            -0.14321512946618675,
            -0.13446821010409338,
            1.0975466759527817,
            0.9838118287108276,
            -1.4184578415291496,
            0.41584424970359435,
            -0.770469703249871,
            -1.341354977183996,
            0.5054845988360903,
            0.5221998181369404,
            -0.4535416065230808,
            -0.12272750543171633,
            -0.1608979216135182,
            -0.6116283568806246
        ],
        "Gryffindor": [
            -0.03079812415119823,
            -0.041094247298401596,
            -0.04169137009183861,
            0.6078844885080756,
            -0.8896166228345654,
            -0.6371242366261173,
            0.2939571002644285,
            -0.31427090477509984,
            0.7768867899109723,
            -1.1888252454750996,
            -1.3068927124327505,
            -0.5044148479919378,
            -0.05233407122262037,
            -0.7778812745498713,
            1.1532126577563473
        ],
        "Ravenclaw": [
            -0.9302707211286655,
            -0.3082178911766912,
            -0.5253262561835744,
            -1.5685366406256698,
            0.43391462838648975,
            0.6466199175050995,
            0.04804723446592197,
            1.1967899017427637,
            0.7331343460029499,
            -0.1536184548127101,
            -0.17488015854407968,
            -0.3501669929519811,
            -0.4043259144987574,
            1.2487788086943092,
            -0.5696744364154583
        ]
    },
    "norm_params": {
        "0": {
            "min": 0.0,
            "max": 1599.0
        },
        "1": {
            "min": -24370.0,
            "max": 104956.0
        },
        "2": {
            "min": -966.7405456412164,
            "max": 1016.2119403873959
        },
        "3": {
            "min": -10.295662748653244,
            "max": 11.612895082210851
        },
        "4": {
            "min": -10.16211940387396,
            "max": 9.667405456412162
        },
        "5": {
            "min": -8.727,
            "max": 10.032
        },
        "6": {
            "min": -1086.4968348887983,
            "max": 1092.3886105728684
        },
        "7": {
            "min": 283.8696087336624,
            "max": 745.3962198761234
        },
        "8": {
            "min": -8.858992991610515,
            "max": 11.889712754042707
        },
        "9": {
            "min": 906.6273196915248,
            "max": 1098.9582005409077
        },
        "10": {
            "min": -4.697483767872527,
            "max": 13.536762124994421
        },
        "11": {
            "min": -3.313675764124477,
            "max": 3.0565457738978123
        },
        "12": {
            "min": -261.04892,
            "max": -225.42813999999998
        },
        "13": {
            "min": -181.47,
            "max": 279.07
        }
    },
    "feature_names": [
        "Index",
        "Arithmancy",
        "Astronomy",
        "Herbology",
        "Defense Against the Dark Arts",
        "Divination",
        "Muggle Studies",
        "Ancient Runes",
        "History of Magic",
        "Transfiguration",
        "Potions",
        "Care of Magical Creatures",
        "Charms",
        "Flying"
    ]
}